pokeid,pokename,type_1,hp,attack,defense,special_attack,special_defense,speed
16,Pidgey,Normal,40,45,40,35,35,56
17,Pidgeotto,Normal,63,60,55,50,50,71
18,Pidgeot,Normal,83,80,75,70,70,101
19,Rattata,Normal,30,56,35,25,35,72
20,Raticate,Normal,55,81,60,50,70,97
21,Spearow,Normal,40,60,30,31,31,70
22,Fearow,Normal,65,90,65,61,61,100
39,Jigglypuff,Normal,115,45,20,45,25,20
40,Wigglytuff,Normal,140,70,45,85,50,45
52,Meowth,Normal,40,45,35,40,40,90
53,Persian,Normal,65,70,60,65,65,115
83,Farfetch'd,Normal,52,65,55,58,62,60
84,Doduo,Normal,35,85,45,35,35,75
85,Dodrio,Normal,60,110,70,60,60,100
108,Lickitung,Normal,90,55,75,60,75,30
113,Chansey,Normal,250,5,5,35,105,50
115,Kangaskhan,Normal,105,95,80,40,80,90
128,Tauros,Normal,75,100,95,40,70,110
132,Ditto,Normal,48,48,48,48,48,48
133,Eevee,Normal,55,55,50,45,65,55
137,Porygon,Normal,65,60,70,85,75,40
143,Snorlax,Normal,160,110,65,65,110,30
161,Sentret,Normal,35,46,34,35,45,20
162,Furret,Normal,85,76,64,45,55,90
163,Hoothoot,Normal,60,30,30,36,56,50
164,Noctowl,Normal,100,50,50,76,96,70
174,Igglybuff,Normal,90,30,15,40,20,15
190,Aipom,Normal,55,70,55,40,55,85
203,Girafarig,Normal,70,80,65,90,65,85
206,Dunsparce,Normal,100,70,70,65,65,45
216,Teddiursa,Normal,60,80,50,50,50,40
217,Ursaring,Normal,90,130,75,75,75,55
233,Porygon2,Normal,85,80,90,105,95,60
234,Stantler,Normal,73,95,62,85,65,85
235,Smeargle,Normal,55,20,35,20,45,75
241,Miltank,Normal,95,80,105,40,70,100
242,Blissey,Normal,255,10,10,75,135,55
263,Zigzagoon,Normal,38,30,41,30,41,60
264,Linoone,Normal,78,70,61,50,61,100
276,Taillow,Normal,40,55,30,30,30,85
277,Swellow,Normal,60,85,60,50,50,125
287,Slakoth,Normal,60,60,60,35,35,30
288,Vigoroth,Normal,80,80,80,55,55,90
289,Slaking,Normal,150,160,100,95,65,100
293,Whismur,Normal,64,51,23,51,23,28
294,Loudred,Normal,84,71,43,71,43,48
295,Exploud,Normal,104,91,63,91,73,68
298,Azurill,Normal,50,20,40,20,40,20
300,Skitty,Normal,50,45,45,35,35,50
301,Delcatty,Normal,70,65,65,55,55,70
327,Spinda,Normal,60,60,60,60,60,60
333,Swablu,Normal,45,40,60,40,75,50
335,Zangoose,Normal,73,115,60,60,60,90
351,Castform,Normal,70,70,70,70,70,70
352,Kecleon,Normal,60,90,70,60,120,40
396,Starly,Normal,40,55,30,30,30,60
397,Staravia,Normal,55,75,50,40,40,80
398,Staraptor,Normal,85,120,70,50,60,100
399,Bidoof,Normal,59,45,40,35,40,31
400,Bibarel,Normal,79,85,60,55,60,71
424,Ambipom,Normal,75,100,66,60,66,115
427,Buneary,Normal,55,66,44,44,56,85
428,Lopunny,Normal,65,76,84,54,96,105
431,Glameow,Normal,49,55,42,42,37,85
432,Purugly,Normal,71,82,64,64,59,112
440,Happiny,Normal,100,5,5,15,65,30
441,Chatot,Normal,76,65,45,92,42,91
446,Munchlax,Normal,135,85,40,40,85,5
463,Lickilicky,Normal,110,85,95,80,95,50
474,Porygon-Z,Normal,85,80,70,135,75,90
486,Regigigas,Normal,110,160,110,80,110,100
493,Arceus,Normal,120,120,120,120,120,120
504,Patrat,Normal,45,55,39,35,39,42
505,Watchog,Normal,60,85,69,60,69,77
506,Lillipup,Normal,45,60,45,25,45,55
507,Herdier,Normal,65,80,65,35,65,60
508,Stoutland,Normal,85,110,90,45,90,80
519,Pidove,Normal,50,55,50,36,30,43
520,Tranquill,Normal,62,77,62,50,42,65
521,Unfezant,Normal,80,115,80,65,55,93
531,Audino,Normal,103,60,86,60,86,50
572,Minccino,Normal,55,50,40,40,40,75
573,Cinccino,Normal,75,95,60,65,60,115
585,Deerling,Normal,60,60,50,40,50,75
586,Sawsbuck,Normal,80,100,70,60,70,95
626,Bouffalant,Normal,95,110,95,40,95,55
627,Rufflet,Normal,70,83,50,37,50,60
628,Braviary,Normal,100,123,75,57,75,80
648,Meloetta,Normal,100,77,77,128,128,90
659,Bunnelby,Normal,38,36,38,32,36,57
660,Diggersby,Normal,85,56,77,50,77,78
661,Fletchling,Normal,45,50,43,40,38,62
676,Furfrou,Normal,75,80,60,65,90,102
10018,,Normal,100,128,90,77,77,128
10039,,Normal,105,125,100,60,100,100
10069,,Normal,103,60,126,80,126,50
10073,,Normal,83,80,80,135,80,121
10088,,Normal,65,136,94,54,96,135
56,Mankey,Fighting,40,80,35,35,45,70
57,Primeape,Fighting,65,105,60,60,70,95
66,Machop,Fighting,70,80,50,35,35,35
67,Machoke,Fighting,80,100,70,50,60,45
68,Machamp,Fighting,90,130,80,65,85,55
106,Hitmonlee,Fighting,50,120,53,35,110,87
107,Hitmonchan,Fighting,50,105,79,35,110,76
236,Tyrogue,Fighting,35,35,35,35,35,35
237,Hitmontop,Fighting,50,95,95,35,110,70
296,Makuhita,Fighting,72,60,30,20,30,25
297,Hariyama,Fighting,144,120,60,40,60,50
307,Meditite,Fighting,30,40,55,40,55,60
308,Medicham,Fighting,60,60,75,60,75,80
447,Riolu,Fighting,40,70,40,35,40,60
448,Lucario,Fighting,70,110,70,115,70,90
532,Timburr,Fighting,75,80,55,25,35,35
533,Gurdurr,Fighting,85,105,85,40,50,40
534,Conkeldurr,Fighting,105,140,95,55,65,45
538,Throh,Fighting,120,100,85,30,85,45
539,Sawk,Fighting,75,125,75,30,75,85
619,Mienfoo,Fighting,45,85,50,55,50,65
620,Mienshao,Fighting,65,125,60,95,60,105
674,Pancham,Fighting,67,82,62,46,48,43
675,Pangoro,Fighting,95,124,78,69,71,58
701,Hawlucha,Fighting,78,92,75,74,63,118
10054,,Fighting,60,100,85,80,85,100
10059,,Fighting,70,145,88,140,70,112
641,Tornadus,Flying,79,115,70,125,80,111
714,Noibat,Flying,40,30,35,45,40,55
715,Noivern,Flying,85,70,80,97,80,123
10019,,Flying,79,100,80,110,90,121
23,Ekans,Poison,35,60,44,40,54,55
24,Arbok,Poison,60,85,69,65,79,80
29,Nidoranä»ó,Poison,55,47,52,40,40,41
30,Nidorina,Poison,70,62,67,55,55,56
31,Nidoqueen,Poison,90,92,87,75,85,76
32,Nidoranä»‰,Poison,46,57,40,40,40,50
33,Nidorino,Poison,61,72,57,55,55,65
34,Nidoking,Poison,81,102,77,85,75,85
41,Zubat,Poison,40,45,35,30,40,55
42,Golbat,Poison,75,80,70,65,75,90
88,Grimer,Poison,80,80,50,40,50,25
89,Muk,Poison,105,105,75,65,100,50
109,Koffing,Poison,40,65,95,60,45,35
110,Weezing,Poison,65,90,120,85,70,60
169,Crobat,Poison,85,90,80,70,80,130
316,Gulpin,Poison,70,43,53,43,53,40
317,Swalot,Poison,100,73,83,73,83,55
336,Seviper,Poison,73,100,60,100,60,65
434,Stunky,Poison,63,63,47,41,41,74
435,Skuntank,Poison,103,93,67,71,61,84
451,Skorupi,Poison,40,50,90,30,55,65
452,Drapion,Poison,70,90,110,60,75,95
453,Croagunk,Poison,48,61,40,61,40,50
454,Toxicroak,Poison,83,106,65,86,65,85
568,Trubbish,Poison,50,50,62,40,62,65
569,Garbodor,Poison,80,95,82,60,82,75
690,Skrelp,Poison,50,60,60,60,60,30
691,Dragalge,Poison,65,75,90,97,123,44
27,Sandshrew,Ground,50,75,85,20,30,40
28,Sandslash,Ground,75,100,110,45,55,65
50,Diglett,Ground,10,55,25,35,45,95
51,Dugtrio,Ground,35,80,50,50,70,120
104,Cubone,Ground,50,50,95,40,50,35
105,Marowak,Ground,60,80,110,50,80,45
111,Rhyhorn,Ground,80,85,95,30,30,25
112,Rhydon,Ground,105,130,120,45,45,40
207,Gligar,Ground,65,75,105,35,65,85
231,Phanpy,Ground,90,60,60,40,40,40
232,Donphan,Ground,90,120,120,60,60,50
328,Trapinch,Ground,45,100,45,45,45,10
329,Vibrava,Ground,50,70,50,50,50,70
330,Flygon,Ground,80,100,80,80,80,100
343,Baltoy,Ground,40,40,55,40,70,55
344,Claydol,Ground,60,70,105,70,120,75
383,Groudon,Ground,100,150,140,100,90,90
449,Hippopotas,Ground,68,72,78,38,42,32
450,Hippowdon,Ground,108,112,118,68,72,47
464,Rhyperior,Ground,115,140,130,55,55,40
472,Gliscor,Ground,75,95,125,45,75,95
529,Drilbur,Ground,60,85,40,30,45,68
530,Excadrill,Ground,110,135,60,50,65,88
551,Sandile,Ground,50,72,35,35,35,65
552,Krokorok,Ground,60,82,45,45,45,74
553,Krookodile,Ground,95,117,80,65,70,92
618,Stunfisk,Ground,109,66,84,81,99,32
622,Golett,Ground,59,74,50,35,50,35
623,Golurk,Ground,89,124,80,55,80,55
645,Landorus,Ground,89,125,90,115,80,101
10021,,Ground,89,145,90,105,80,91
10078,,Ground,100,180,160,150,90,90
74,Geodude,Rock,40,80,100,30,30,20
75,Graveler,Rock,55,95,115,45,45,35
76,Golem,Rock,80,120,130,55,65,45
95,Onix,Rock,35,45,160,30,45,70
138,Omanyte,Rock,35,40,100,90,55,35
139,Omastar,Rock,70,60,125,115,70,55
140,Kabuto,Rock,30,80,90,55,45,55
141,Kabutops,Rock,60,115,105,65,70,80
142,Aerodactyl,Rock,80,105,65,60,75,130
185,Sudowoodo,Rock,70,100,115,30,65,30
246,Larvitar,Rock,50,64,50,45,50,41
247,Pupitar,Rock,70,84,70,65,70,51
248,Tyranitar,Rock,100,134,110,95,100,61
299,Nosepass,Rock,30,45,135,45,90,30
337,Lunatone,Rock,70,55,65,95,85,70
338,Solrock,Rock,70,95,85,55,65,70
345,Lileep,Rock,66,41,77,61,87,23
346,Cradily,Rock,86,81,97,81,107,43
347,Anorith,Rock,45,95,50,40,50,75
348,Armaldo,Rock,75,125,100,70,80,45
377,Regirock,Rock,80,100,200,50,100,50
408,Cranidos,Rock,67,125,40,30,30,58
409,Rampardos,Rock,97,165,60,65,50,58
410,Shieldon,Rock,30,42,118,42,88,30
411,Bastiodon,Rock,60,52,168,47,138,30
438,Bonsly,Rock,50,80,95,10,45,10
476,Probopass,Rock,60,55,145,75,150,40
524,Roggenrola,Rock,55,75,85,25,25,15
525,Boldore,Rock,70,105,105,50,40,20
526,Gigalith,Rock,85,135,130,60,80,25
566,Archen,Rock,55,112,45,74,45,70
567,Archeops,Rock,75,140,65,112,65,110
639,Terrakion,Rock,91,129,90,72,90,108
688,Binacle,Rock,42,52,67,39,56,50
689,Barbaracle,Rock,72,105,115,54,86,68
696,Tyrunt,Rock,58,89,77,45,45,48
697,Tyrantrum,Rock,82,121,119,69,59,71
698,Amaura,Rock,77,59,50,67,63,46
699,Aurorus,Rock,123,77,72,99,92,58
703,Carbink,Rock,50,50,150,50,150,50
719,Diancie,Rock,50,100,150,100,150,50
10042,,Rock,80,135,85,70,95,150
10049,,Rock,100,164,150,95,120,71
10075,,Rock,50,160,110,160,110,110
10,Caterpie,Bug,45,30,35,20,20,45
11,Metapod,Bug,50,20,55,25,25,30
12,Butterfree,Bug,60,45,50,90,80,70
13,Weedle,Bug,40,35,30,20,20,50
14,Kakuna,Bug,45,25,50,25,25,35
15,Beedrill,Bug,65,90,40,45,80,75
46,Paras,Bug,35,70,55,45,55,25
47,Parasect,Bug,60,95,80,60,80,30
48,Venonat,Bug,60,55,50,40,55,45
49,Venomoth,Bug,70,65,60,90,75,90
123,Scyther,Bug,70,110,80,55,80,105
127,Pinsir,Bug,65,125,100,55,70,85
165,Ledyba,Bug,40,20,30,40,80,55
166,Ledian,Bug,55,35,50,55,110,85
167,Spinarak,Bug,40,60,40,40,40,30
168,Ariados,Bug,70,90,70,60,60,40
193,Yanma,Bug,65,65,45,75,45,95
204,Pineco,Bug,50,65,90,35,35,15
205,Forretress,Bug,75,90,140,60,60,40
212,Scizor,Bug,70,130,100,55,80,65
213,Shuckle,Bug,20,10,230,10,230,5
214,Heracross,Bug,80,125,75,40,95,85
265,Wurmple,Bug,45,45,35,20,30,20
266,Silcoon,Bug,50,35,55,25,25,15
267,Beautifly,Bug,60,70,50,100,50,65
268,Cascoon,Bug,50,35,55,25,25,15
269,Dustox,Bug,60,50,70,50,90,65
283,Surskit,Bug,40,30,32,50,52,65
284,Masquerain,Bug,70,60,62,80,82,60
290,Nincada,Bug,31,45,90,30,30,40
291,Ninjask,Bug,61,90,45,50,50,160
292,Shedinja,Bug,1,90,45,30,30,40
313,Volbeat,Bug,65,73,55,47,75,85
314,Illumise,Bug,65,47,55,73,75,85
401,Kricketot,Bug,37,25,41,25,41,25
402,Kricketune,Bug,77,85,51,55,51,65
412,Burmy,Bug,40,29,45,29,45,36
413,Wormadam,Bug,60,59,85,79,105,36
414,Mothim,Bug,70,94,50,94,50,66
415,Combee,Bug,30,30,42,30,42,70
416,Vespiquen,Bug,70,80,102,80,102,40
469,Yanmega,Bug,86,76,86,116,56,95
540,Sewaddle,Bug,45,53,70,40,60,42
541,Swadloon,Bug,55,63,90,50,80,42
542,Leavanny,Bug,75,103,80,70,80,92
543,Venipede,Bug,30,45,59,30,39,57
544,Whirlipede,Bug,40,55,99,40,79,47
545,Scolipede,Bug,60,100,89,55,69,112
557,Dwebble,Bug,50,65,85,35,35,55
558,Crustle,Bug,70,95,125,65,75,45
588,Karrablast,Bug,50,75,45,40,45,60
589,Escavalier,Bug,70,135,105,60,105,20
595,Joltik,Bug,50,47,50,57,50,65
596,Galvantula,Bug,70,77,60,97,60,108
616,Shelmet,Bug,50,40,85,40,65,25
617,Accelgor,Bug,80,70,40,100,60,145
632,Durant,Bug,58,109,112,48,48,109
636,Larvesta,Bug,55,85,55,50,55,60
637,Volcarona,Bug,85,60,65,135,105,100
649,Genesect,Bug,71,120,95,120,95,99
664,Scatterbug,Bug,38,35,40,27,25,35
665,Spewpa,Bug,45,22,60,27,30,29
666,Vivillon,Bug,80,52,50,90,50,89
10004,,Bug,60,79,105,59,85,36
10005,,Bug,60,69,95,69,95,36
10040,,Bug,65,155,120,65,90,105
10046,,Bug,70,150,140,65,100,75
10047,,Bug,80,185,115,40,105,75
10090,,Bug,65,150,40,15,80,145
92,Gastly,Ghost,30,35,30,100,35,80
93,Haunter,Ghost,45,50,45,115,55,95
94,Gengar,Ghost,60,65,60,130,75,110
200,Misdreavus,Ghost,60,60,60,85,85,85
353,Shuppet,Ghost,44,75,35,63,33,45
354,Banette,Ghost,64,115,65,83,63,65
355,Duskull,Ghost,20,40,90,30,90,25
356,Dusclops,Ghost,40,70,130,60,130,25
425,Drifloon,Ghost,90,50,34,60,44,70
426,Drifblim,Ghost,150,80,44,90,54,80
429,Mismagius,Ghost,60,60,60,105,105,105
442,Spiritomb,Ghost,50,92,108,92,108,35
477,Dusknoir,Ghost,45,100,135,65,135,45
487,Giratina,Ghost,150,100,120,100,120,90
562,Yamask,Ghost,38,30,85,55,65,30
563,Cofagrigus,Ghost,58,50,145,95,105,30
607,Litwick,Ghost,50,30,55,65,55,20
608,Lampent,Ghost,60,40,60,95,60,55
609,Chandelure,Ghost,60,55,90,145,90,80
708,Phantump,Ghost,43,70,48,50,60,38
709,Trevenant,Ghost,85,110,76,65,82,56
710,Pumpkaboo,Ghost,49,66,70,44,55,51
711,Gourgeist,Ghost,65,90,122,58,75,84
10007,,Ghost,150,120,100,120,100,90
10027,,Ghost,44,66,70,44,55,56
10028,,Ghost,54,66,70,44,55,46
10029,,Ghost,59,66,70,44,55,41
10030,,Ghost,55,85,122,58,75,99
10031,,Ghost,75,95,122,58,75,69
10032,,Ghost,85,100,122,58,75,54
10038,,Ghost,60,65,80,170,95,130
10056,,Ghost,64,165,75,93,83,75
208,Steelix,Steel,75,85,200,55,65,30
227,Skarmory,Steel,65,80,140,40,70,70
303,Mawile,Steel,50,85,85,55,55,50
304,Aron,Steel,50,70,100,40,40,30
305,Lairon,Steel,60,90,140,50,50,40
306,Aggron,Steel,70,110,180,60,60,50
374,Beldum,Steel,40,55,80,35,60,30
375,Metang,Steel,60,75,100,55,80,50
376,Metagross,Steel,80,135,130,95,90,70
379,Registeel,Steel,80,75,150,75,150,50
385,Jirachi,Steel,100,100,100,100,100,100
436,Bronzor,Steel,57,24,86,24,86,23
437,Bronzong,Steel,67,89,116,79,116,33
483,Dialga,Steel,100,120,120,150,100,90
599,Klink,Steel,40,55,70,45,60,30
600,Klang,Steel,60,80,95,70,85,50
601,Klinklang,Steel,60,100,115,70,85,90
638,Cobalion,Steel,91,90,129,90,72,108
679,Honedge,Steel,45,80,100,35,37,28
680,Doublade,Steel,59,110,150,45,49,35
681,Aegislash,Steel,60,50,150,50,150,60
707,Klefki,Steel,57,80,91,80,87,75
10026,,Steel,60,150,50,150,50,60
10052,,Steel,50,105,125,55,95,50
10053,,Steel,70,140,230,60,80,50
10072,,Steel,75,125,230,55,95,30
10076,,Steel,80,145,150,105,110,110
4,Charmander,Fire,39,52,43,60,50,65
5,Charmeleon,Fire,58,64,58,80,65,80
6,Charizard,Fire,78,84,78,109,85,100
37,Vulpix,Fire,38,41,40,50,65,65
38,Ninetales,Fire,73,76,75,81,100,100
58,Growlithe,Fire,55,70,45,70,50,60
59,Arcanine,Fire,90,110,80,100,80,95
77,Ponyta,Fire,50,85,55,65,65,90
78,Rapidash,Fire,65,100,70,80,80,105
126,Magmar,Fire,65,95,57,100,85,93
136,Flareon,Fire,65,130,60,95,110,65
146,Moltres,Fire,90,100,90,125,85,90
155,Cyndaquil,Fire,39,52,43,60,50,65
156,Quilava,Fire,58,64,58,80,65,80
157,Typhlosion,Fire,78,84,78,109,85,100
218,Slugma,Fire,40,40,40,70,40,20
219,Magcargo,Fire,50,50,120,80,80,30
240,Magby,Fire,45,75,37,70,55,83
244,Entei,Fire,115,115,85,90,75,100
250,Ho-Oh,Fire,106,130,90,110,154,90
255,Torchic,Fire,45,60,40,70,50,45
256,Combusken,Fire,60,85,60,85,60,55
257,Blaziken,Fire,80,120,70,110,70,80
322,Numel,Fire,60,60,40,65,45,35
323,Camerupt,Fire,70,100,70,105,75,40
324,Torkoal,Fire,70,85,140,85,70,20
390,Chimchar,Fire,44,58,44,58,44,61
391,Monferno,Fire,64,78,52,78,52,81
392,Infernape,Fire,76,104,71,104,71,108
467,Magmortar,Fire,75,95,67,125,95,83
485,Heatran,Fire,91,90,106,130,106,77
498,Tepig,Fire,65,63,45,45,45,45
499,Pignite,Fire,90,93,55,70,55,55
500,Emboar,Fire,110,123,65,100,65,65
513,Pansear,Fire,50,53,48,53,48,64
514,Simisear,Fire,75,98,63,98,63,101
554,Darumaka,Fire,70,90,45,15,45,50
555,Darmanitan,Fire,105,140,55,30,55,95
631,Heatmor,Fire,85,97,66,105,66,65
653,Fennekin,Fire,40,45,40,62,60,60
654,Braixen,Fire,59,59,58,90,70,73
655,Delphox,Fire,75,69,72,114,100,104
662,Fletchinder,Fire,62,73,55,56,52,84
663,Talonflame,Fire,78,81,71,74,69,126
667,Litleo,Fire,62,50,58,73,54,72
668,Pyroar,Fire,86,68,72,109,66,106
721,Volcanion,Fire,80,110,120,130,90,70
10013,,Fire,70,70,70,70,70,70
10017,,Fire,105,30,105,140,105,55
10034,,Fire,78,130,111,130,85,100
10035,,Fire,78,104,78,159,115,100
10050,,Fire,80,160,80,130,80,100
10087,,Fire,70,120,100,145,105,20
7,Squirtle,Water,44,48,65,50,64,43
8,Wartortle,Water,59,63,80,65,80,58
9,Blastoise,Water,79,83,100,85,105,78
54,Psyduck,Water,50,52,48,65,50,55
55,Golduck,Water,80,82,78,95,80,85
60,Poliwag,Water,40,50,40,40,40,90
61,Poliwhirl,Water,65,65,65,50,50,90
62,Poliwrath,Water,90,95,95,70,90,70
72,Tentacool,Water,40,40,35,50,100,70
73,Tentacruel,Water,80,70,65,80,120,100
79,Slowpoke,Water,90,65,65,40,40,15
80,Slowbro,Water,95,75,110,100,80,30
86,Seel,Water,65,45,55,45,70,45
87,Dewgong,Water,90,70,80,70,95,70
90,Shellder,Water,30,65,100,45,25,40
91,Cloyster,Water,50,95,180,85,45,70
98,Krabby,Water,30,105,90,25,25,50
99,Kingler,Water,55,130,115,50,50,75
116,Horsea,Water,30,40,70,70,25,60
117,Seadra,Water,55,65,95,95,45,85
118,Goldeen,Water,45,67,60,35,50,63
119,Seaking,Water,80,92,65,65,80,68
120,Staryu,Water,30,45,55,70,55,85
121,Starmie,Water,60,75,85,100,85,115
129,Magikarp,Water,20,10,55,15,20,80
130,Gyarados,Water,95,125,79,60,100,81
131,Lapras,Water,130,85,80,85,95,60
134,Vaporeon,Water,130,65,60,110,95,65
158,Totodile,Water,50,65,64,44,48,43
159,Croconaw,Water,65,80,80,59,63,58
160,Feraligatr,Water,85,105,100,79,83,78
170,Chinchou,Water,75,38,38,56,56,67
171,Lanturn,Water,125,58,58,76,76,67
183,Marill,Water,70,20,50,20,50,40
184,Azumarill,Water,100,50,80,60,80,50
186,Politoed,Water,90,75,75,90,100,70
194,Wooper,Water,55,45,45,25,25,15
195,Quagsire,Water,95,85,85,65,65,35
199,Slowking,Water,95,75,80,100,110,30
211,Qwilfish,Water,65,95,75,55,55,85
222,Corsola,Water,55,55,85,65,85,35
223,Remoraid,Water,35,65,35,65,35,65
224,Octillery,Water,75,105,75,105,75,45
226,Mantine,Water,65,40,70,80,140,70
230,Kingdra,Water,75,95,95,95,95,85
245,Suicune,Water,100,75,115,90,115,85
258,Mudkip,Water,50,70,50,50,50,40
259,Marshtomp,Water,70,85,70,60,70,50
260,Swampert,Water,100,110,90,85,90,60
270,Lotad,Water,40,30,30,40,50,30
271,Lombre,Water,60,50,50,60,70,50
272,Ludicolo,Water,80,70,70,90,100,70
278,Wingull,Water,40,30,30,55,30,85
279,Pelipper,Water,60,50,100,85,70,65
318,Carvanha,Water,45,90,20,65,20,65
319,Sharpedo,Water,70,120,40,95,40,95
320,Wailmer,Water,130,70,35,70,35,60
321,Wailord,Water,170,90,45,90,45,60
339,Barboach,Water,50,48,43,46,41,60
340,Whiscash,Water,110,78,73,76,71,60
341,Corphish,Water,43,80,65,50,35,35
342,Crawdaunt,Water,63,120,85,90,55,55
349,Feebas,Water,20,15,20,10,55,80
350,Milotic,Water,95,60,79,100,125,81
366,Clamperl,Water,35,64,85,74,55,32
367,Huntail,Water,55,104,105,94,75,52
368,Gorebyss,Water,55,84,105,114,75,52
369,Relicanth,Water,100,90,130,45,65,55
370,Luvdisc,Water,43,30,55,40,65,97
382,Kyogre,Water,100,100,90,150,140,90
393,Piplup,Water,53,51,53,61,56,40
394,Prinplup,Water,64,66,68,81,76,50
395,Empoleon,Water,84,86,88,111,101,60
418,Buizel,Water,55,65,35,60,30,85
419,Floatzel,Water,85,105,55,85,50,115
422,Shellos,Water,76,48,48,57,62,34
423,Gastrodon,Water,111,83,68,92,82,39
456,Finneon,Water,49,49,56,49,61,66
457,Lumineon,Water,69,69,76,69,86,91
458,Mantyke,Water,45,20,50,60,120,50
484,Palkia,Water,90,120,100,150,120,100
489,Phione,Water,80,80,80,80,80,80
490,Manaphy,Water,100,100,100,100,100,100
501,Oshawott,Water,55,55,45,63,45,45
502,Dewott,Water,75,75,60,83,60,60
503,Samurott,Water,95,100,85,108,70,70
515,Panpour,Water,50,53,48,53,48,64
516,Simipour,Water,75,98,63,98,63,101
535,Tympole,Water,50,50,40,50,40,64
536,Palpitoad,Water,75,65,55,65,55,69
537,Seismitoad,Water,105,95,75,85,75,74
550,Basculin,Water,70,92,65,80,55,98
564,Tirtouga,Water,54,78,103,53,45,22
565,Carracosta,Water,74,108,133,83,65,32
580,Ducklett,Water,62,44,50,44,50,55
581,Swanna,Water,75,87,63,87,63,98
592,Frillish,Water,55,40,50,65,85,40
593,Jellicent,Water,100,60,70,85,105,60
594,Alomomola,Water,165,75,80,40,45,65
647,Keldeo,Water,91,72,90,129,90,108
656,Froakie,Water,41,56,40,62,44,71
657,Frogadier,Water,54,63,52,83,56,97
658,Greninja,Water,72,95,67,103,71,122
692,Clauncher,Water,50,53,62,58,63,44
693,Clawitzer,Water,71,73,88,120,89,59
10014,,Water,70,70,70,70,70,70
10016,,Water,70,92,65,80,55,98
10024,,Water,91,72,90,129,90,108
10036,,Water,79,103,120,135,115,78
10041,,Water,95,155,109,70,130,81
10064,,Water,100,150,110,95,110,70
10070,,Water,70,140,70,110,65,105
10071,,Water,95,75,180,130,80,30
10077,,Water,100,150,90,180,160,90
1,Bulbasaur,Grass,45,49,49,65,65,45
2,Ivysaur,Grass,60,62,63,80,80,60
3,Venusaur,Grass,80,82,83,100,100,80
43,Oddish,Grass,45,50,55,75,65,30
44,Gloom,Grass,60,65,70,85,75,40
45,Vileplume,Grass,75,80,85,110,90,50
69,Bellsprout,Grass,50,75,35,70,30,40
70,Weepinbell,Grass,65,90,50,85,45,55
71,Victreebel,Grass,80,105,65,100,70,70
102,Exeggcute,Grass,60,40,80,60,45,40
103,Exeggutor,Grass,95,95,85,125,65,55
114,Tangela,Grass,65,55,115,100,40,60
152,Chikorita,Grass,45,49,65,49,65,45
153,Bayleef,Grass,60,62,80,63,80,60
154,Meganium,Grass,80,82,100,83,100,80
182,Bellossom,Grass,75,80,95,90,100,50
187,Hoppip,Grass,35,35,40,35,55,50
188,Skiploom,Grass,55,45,50,45,65,80
189,Jumpluff,Grass,75,55,70,55,95,110
191,Sunkern,Grass,30,30,30,30,30,30
192,Sunflora,Grass,75,75,55,105,85,30
252,Treecko,Grass,40,45,35,65,55,70
253,Grovyle,Grass,50,65,45,85,65,95
254,Sceptile,Grass,70,85,65,105,85,120
273,Seedot,Grass,40,40,50,30,30,30
274,Nuzleaf,Grass,70,70,40,60,40,60
275,Shiftry,Grass,90,100,60,90,60,80
285,Shroomish,Grass,60,40,60,40,60,35
286,Breloom,Grass,60,130,80,60,60,70
315,Roselia,Grass,50,60,45,100,80,65
331,Cacnea,Grass,50,85,40,85,40,35
332,Cacturne,Grass,70,115,60,115,60,55
357,Tropius,Grass,99,68,83,72,87,51
387,Turtwig,Grass,55,68,64,45,55,31
388,Grotle,Grass,75,89,85,55,65,36
389,Torterra,Grass,95,109,105,75,85,56
406,Budew,Grass,40,30,35,50,70,55
407,Roserade,Grass,60,70,65,125,105,90
420,Cherubi,Grass,45,35,45,62,53,35
421,Cherrim,Grass,70,60,70,87,78,85
455,Carnivine,Grass,74,100,72,90,72,46
459,Snover,Grass,60,62,50,62,60,40
460,Abomasnow,Grass,90,92,75,92,85,60
465,Tangrowth,Grass,100,100,125,110,50,50
470,Leafeon,Grass,65,110,130,60,65,95
492,Shaymin,Grass,100,100,100,100,100,100
495,Snivy,Grass,45,45,55,45,55,63
496,Servine,Grass,60,60,75,60,75,83
497,Serperior,Grass,75,75,95,75,95,113
511,Pansage,Grass,50,53,48,53,48,64
512,Simisage,Grass,75,98,63,98,63,101
546,Cottonee,Grass,40,27,60,37,50,66
547,Whimsicott,Grass,60,67,85,77,75,116
548,Petilil,Grass,45,35,50,70,50,30
549,Lilligant,Grass,70,60,75,110,75,90
556,Maractus,Grass,75,86,67,106,67,60
590,Foongus,Grass,69,55,45,55,55,15
591,Amoonguss,Grass,114,85,70,85,80,30
597,Ferroseed,Grass,44,50,91,24,86,10
598,Ferrothorn,Grass,74,94,131,54,116,20
640,Virizion,Grass,91,90,72,90,129,108
650,Chespin,Grass,56,61,65,48,45,38
651,Quilladin,Grass,61,78,95,56,58,57
652,Chesnaught,Grass,88,107,122,74,75,64
672,Skiddo,Grass,66,65,48,62,57,52
673,Gogoat,Grass,123,100,62,97,81,68
10006,,Grass,100,103,75,120,75,127
10033,,Grass,80,100,123,122,120,80
10060,,Grass,90,132,105,132,105,30
10065,,Grass,70,110,75,145,85,145
25,Pikachu,Electric,35,55,40,50,50,90
26,Raichu,Electric,60,90,55,90,80,110
81,Magnemite,Electric,25,35,70,95,55,45
82,Magneton,Electric,50,60,95,120,70,70
100,Voltorb,Electric,40,30,50,55,55,100
101,Electrode,Electric,60,50,70,80,80,140
125,Electabuzz,Electric,65,83,57,95,85,105
135,Jolteon,Electric,65,65,60,110,95,130
145,Zapdos,Electric,90,90,85,125,90,100
172,Pichu,Electric,20,40,15,35,35,60
179,Mareep,Electric,55,40,40,65,45,35
180,Flaaffy,Electric,70,55,55,80,60,45
181,Ampharos,Electric,90,75,85,115,90,55
239,Elekid,Electric,45,63,37,65,55,95
243,Raikou,Electric,90,85,75,115,100,115
309,Electrike,Electric,40,45,40,65,40,65
310,Manectric,Electric,70,75,60,105,60,105
311,Plusle,Electric,60,50,40,85,75,95
312,Minun,Electric,60,40,50,75,85,95
403,Shinx,Electric,45,65,34,40,34,45
404,Luxio,Electric,60,85,49,60,49,60
405,Luxray,Electric,80,120,79,95,79,70
417,Pachirisu,Electric,60,45,70,45,90,95
462,Magnezone,Electric,70,70,115,130,90,60
466,Electivire,Electric,75,123,67,95,85,95
479,Rotom,Electric,50,50,77,95,77,91
522,Blitzle,Electric,45,60,32,50,32,76
523,Zebstrika,Electric,75,100,63,80,63,116
587,Emolga,Electric,55,75,60,75,60,103
602,Tynamo,Electric,35,55,40,45,40,60
603,Eelektrik,Electric,65,85,70,75,70,40
604,Eelektross,Electric,85,115,80,105,80,50
642,Thundurus,Electric,79,115,70,125,80,111
694,Helioptile,Electric,44,38,33,61,43,70
695,Heliolisk,Electric,62,55,52,109,94,109
702,Dedenne,Electric,67,58,57,81,67,101
10008,,Electric,50,65,107,105,107,86
10009,,Electric,50,65,107,105,107,86
10010,,Electric,50,65,107,105,107,86
10011,,Electric,50,65,107,105,107,86
10012,,Electric,50,65,107,105,107,86
10020,,Electric,79,105,70,145,80,101
10045,,Electric,90,95,105,165,110,45
10055,,Electric,70,75,80,135,80,135
10080,,Electric,35,55,40,50,50,90
10081,,Electric,35,55,40,50,50,90
10082,,Electric,35,55,40,50,50,90
10083,,Electric,35,55,40,50,50,90
10084,,Electric,35,55,40,50,50,90
10085,,Electric,35,55,40,50,50,90
63,Abra,Psychic,25,20,15,105,55,90
64,Kadabra,Psychic,40,35,30,120,70,105
65,Alakazam,Psychic,55,50,45,135,95,120
96,Drowzee,Psychic,60,48,45,43,90,42
97,Hypno,Psychic,85,73,70,73,115,67
122,Mr. Mime,Psychic,40,45,65,100,120,90
150,Mewtwo,Psychic,106,110,90,154,90,130
151,Mew,Psychic,100,100,100,100,100,100
177,Natu,Psychic,40,50,45,70,45,70
178,Xatu,Psychic,65,75,70,95,70,95
196,Espeon,Psychic,65,65,60,130,95,110
201,Unown,Psychic,48,72,48,72,48,48
202,Wobbuffet,Psychic,190,33,58,33,58,33
249,Lugia,Psychic,106,90,130,90,154,110
251,Celebi,Psychic,100,100,100,100,100,100
280,Ralts,Psychic,28,25,25,45,35,40
281,Kirlia,Psychic,38,35,35,65,55,50
282,Gardevoir,Psychic,68,65,65,125,115,80
325,Spoink,Psychic,60,25,35,70,80,60
326,Grumpig,Psychic,80,45,65,90,110,80
358,Chimecho,Psychic,65,50,70,95,80,65
360,Wynaut,Psychic,95,23,48,23,48,23
386,Deoxys,Psychic,50,150,50,150,50,150
433,Chingling,Psychic,45,30,50,65,50,45
439,Mime Jr.,Psychic,20,25,45,70,90,60
475,Gallade,Psychic,68,125,65,65,115,80
480,Uxie,Psychic,75,75,130,75,130,95
481,Mesprit,Psychic,80,105,105,105,105,80
482,Azelf,Psychic,75,125,70,125,70,115
488,Cresselia,Psychic,120,70,120,75,130,85
494,Victini,Psychic,100,100,100,100,100,100
517,Munna,Psychic,76,25,45,67,55,24
518,Musharna,Psychic,116,55,85,107,95,29
527,Woobat,Psychic,55,45,43,55,43,72
528,Swoobat,Psychic,67,57,55,77,55,114
561,Sigilyph,Psychic,72,58,80,103,80,97
574,Gothita,Psychic,45,30,50,55,65,45
575,Gothorita,Psychic,60,45,70,75,85,55
576,Gothitelle,Psychic,70,55,95,95,110,65
577,Solosis,Psychic,45,30,40,105,50,20
578,Duosion,Psychic,65,40,50,125,60,30
579,Reuniclus,Psychic,110,65,75,125,85,30
605,Elgyem,Psychic,55,55,55,85,55,30
606,Beheeyem,Psychic,75,75,75,125,95,40
677,Espurr,Psychic,62,48,54,63,60,68
678,Meowstic,Psychic,74,48,76,83,81,104
720,Hoopa,Psychic,80,110,60,150,130,70
10001,,Psychic,50,180,20,180,20,150
10002,,Psychic,50,70,160,70,160,90
10003,,Psychic,50,95,90,95,90,180
10025,,Psychic,74,48,76,83,81,104
10037,,Psychic,55,50,65,175,95,150
10043,,Psychic,106,190,100,154,100,130
10044,,Psychic,106,150,70,194,120,140
10051,,Psychic,68,85,65,165,135,100
10068,,Psychic,68,165,95,65,115,110
10086,,Psychic,80,160,60,170,130,80
124,Jynx,Ice,65,50,35,115,95,95
144,Articuno,Ice,90,85,100,95,125,85
220,Swinub,Ice,50,50,40,30,30,50
221,Piloswine,Ice,100,100,80,60,60,50
225,Delibird,Ice,45,55,45,65,45,75
238,Smoochum,Ice,45,30,15,85,65,65
361,Snorunt,Ice,50,50,50,50,50,50
362,Glalie,Ice,80,80,80,80,80,80
363,Spheal,Ice,70,40,50,55,50,25
364,Sealeo,Ice,90,60,70,75,70,45
365,Walrein,Ice,110,80,90,95,90,65
378,Regice,Ice,80,50,100,100,200,50
471,Glaceon,Ice,65,60,110,130,95,65
473,Mamoswine,Ice,110,130,80,70,60,80
478,Froslass,Ice,70,80,70,80,70,110
582,Vanillite,Ice,36,50,50,65,60,44
583,Vanillish,Ice,51,65,65,80,75,59
584,Vanilluxe,Ice,71,95,85,110,95,79
613,Cubchoo,Ice,55,70,40,60,40,40
614,Beartic,Ice,95,110,80,70,80,50
615,Cryogonal,Ice,70,50,30,95,135,105
712,Bergmite,Ice,55,69,85,32,35,28
713,Avalugg,Ice,95,117,184,44,46,28
10015,,Ice,70,70,70,70,70,70
10074,,Ice,80,120,80,120,80,100
147,Dratini,Dragon,41,64,45,50,50,50
148,Dragonair,Dragon,61,84,65,70,70,70
149,Dragonite,Dragon,91,134,95,100,100,80
334,Altaria,Dragon,75,70,90,70,105,80
371,Bagon,Dragon,45,75,60,40,30,50
372,Shelgon,Dragon,65,95,100,60,50,50
373,Salamence,Dragon,95,135,80,110,80,100
380,Latias,Dragon,80,80,90,110,130,110
381,Latios,Dragon,80,90,80,130,110,110
384,Rayquaza,Dragon,105,150,90,150,90,95
443,Gible,Dragon,58,70,45,40,45,42
444,Gabite,Dragon,68,90,65,50,55,82
445,Garchomp,Dragon,108,130,95,80,85,102
610,Axew,Dragon,46,87,60,30,40,57
611,Fraxure,Dragon,66,117,70,40,50,67
612,Haxorus,Dragon,76,147,90,60,70,97
621,Druddigon,Dragon,77,120,90,60,90,48
643,Reshiram,Dragon,100,120,100,150,120,90
644,Zekrom,Dragon,100,150,120,120,100,90
646,Kyurem,Dragon,125,130,90,130,90,95
704,Goomy,Dragon,45,50,35,55,75,40
705,Sliggoo,Dragon,68,75,53,83,113,60
706,Goodra,Dragon,90,100,70,110,150,80
718,Zygarde,Dragon,108,100,121,81,95,95
10022,,Dragon,125,170,100,120,90,95
10023,,Dragon,125,120,90,170,100,95
10058,,Dragon,108,170,115,120,95,92
10062,,Dragon,80,100,120,140,150,110
10063,,Dragon,80,130,100,160,120,110
10067,,Dragon,75,110,110,110,105,80
10079,,Dragon,105,180,100,180,100,115
10089,,Dragon,95,145,130,120,90,120
197,Umbreon,Dark,95,65,110,60,130,65
198,Murkrow,Dark,60,85,42,85,42,91
215,Sneasel,Dark,55,95,55,35,75,115
228,Houndour,Dark,45,60,30,80,50,65
229,Houndoom,Dark,75,90,50,110,80,95
261,Poochyena,Dark,35,55,35,30,30,35
262,Mightyena,Dark,70,90,70,60,60,70
302,Sableye,Dark,50,75,75,65,65,50
359,Absol,Dark,65,130,60,75,60,75
430,Honchkrow,Dark,100,125,52,105,52,71
461,Weavile,Dark,70,120,65,45,85,125
491,Darkrai,Dark,70,90,90,135,90,125
509,Purrloin,Dark,41,50,37,50,37,66
510,Liepard,Dark,64,88,50,88,50,106
559,Scraggy,Dark,50,75,70,35,70,48
560,Scrafty,Dark,65,90,115,45,115,58
570,Zorua,Dark,40,65,40,80,40,65
571,Zoroark,Dark,60,105,60,120,60,105
624,Pawniard,Dark,45,85,70,40,40,60
625,Bisharp,Dark,65,125,100,60,70,70
629,Vullaby,Dark,70,55,75,45,65,60
630,Mandibuzz,Dark,110,65,105,55,95,80
633,Deino,Dark,52,65,50,45,50,38
634,Zweilous,Dark,72,85,70,65,70,58
635,Hydreigon,Dark,92,105,90,125,90,98
686,Inkay,Dark,53,54,53,37,46,45
687,Malamar,Dark,86,92,88,68,75,73
717,Yveltal,Dark,126,131,95,131,98,99
10048,,Dark,75,90,90,140,90,115
10057,,Dark,65,150,60,115,60,115
10066,,Dark,50,85,125,85,115,20
35,Clefairy,Fairy,70,45,48,60,65,35
36,Clefable,Fairy,95,70,73,95,90,60
173,Cleffa,Fairy,50,25,28,45,55,15
175,Togepi,Fairy,35,20,65,40,65,20
176,Togetic,Fairy,55,40,85,80,105,40
209,Snubbull,Fairy,60,80,50,40,40,30
210,Granbull,Fairy,90,120,75,60,60,45
468,Togekiss,Fairy,85,50,95,120,115,80
669,Flabebe,Fairy,44,38,39,61,79,42
670,Floette,Fairy,54,45,47,75,98,52
671,Florges,Fairy,78,65,68,112,154,75
682,Spritzee,Fairy,78,52,60,63,65,23
683,Aromatisse,Fairy,101,72,72,99,89,29
684,Swirlix,Fairy,62,48,66,59,57,49
685,Slurpuff,Fairy,82,80,86,85,75,72
700,Sylveon,Fairy,95,65,65,110,130,60
716,Xerneas,Fairy,126,131,95,131,98,99
10061,,Fairy,74,65,67,125,128,92
